Workbook

Sheet 기준값
A1: 그림1 기준값 — DP04 / CLN_Flow / PKG_A / RCP_1
A2: 아래 파란 셀만 바꾸면 데이터 시트의 관리한계·경보 판정이 전부 따라 바뀝니다. 검은 셀은 수식입니다.
A3: 항목 | B3: 값 | C3: 무엇인가
A4: 정상값 (target) | B4: 9.9776177 | C4: OPCOND(PKG_A×RCP_1) 층별 정상군 평균
A5: 표준편차 σ | B5: 0.082857284 | C5: 같은 층의 정상군 표준편차
A6: 관리한계 배수 | B6: 3 | C6: Shewhart 3σ
A7: CUSUM_K | B7: 0.7 | C7: 이보다 작은 편차는 누적하지 않음
A8: CUSUM_H | B8: 4.5 | C8: 누적합이 이를 넘으면 지속적 이동 확정
A9: 관리상한 | B9: =B4+B6*B5 | C9: 정상값 + 3σ
A10: 관리하한 | B10: =B4-B6*B5 | C10: 정상값 − 3σ · 점수를 내는 쪽
A11: 경보선 (−H) | B11: =-B8 | C11: 누적합이 이 아래로 가면 경보
A13: CUSUM 판정식
A14: z(i) = ( 그날 값 − 정상값 ) / σ
A15: C⁻(i) = min( 0, C⁻(i−1) + z(i) + K ) ← 데이터 시트 C열은 그날 샷들의 최솟값
A16: 경보 ⟺ C⁻(i) < −H
A18: ※ 데이터 시트의 누적합은 샷 단위로 계산한 뒤 하루의 최솟값을 취한 것이라,
A19: 이 시트의 값만으로는 역산되지 않습니다. 원 계산은 trend_analysis.py.

Sheet 그림1_데이터
A1: 날짜 | B1: 일평균 값 | C1: 누적합 C⁻ | D1: 샷 수 | E1: 정상값 | F1: 관리하한 | G1: 관리상한 | H1: 경보선 −H | I1: CUSUM 경보 | J1: 값이 관리한계 이탈
A2: 2026-01-01 | B2: 9.962 | C2: -0.7437 | D2: 7 | E2: =기준값!$B$4 | F2: =기준값!$B$10 | G2: =기준값!$B$9 | H2: =기준값!$B$11 | I2: =IF(C2<H2,"경보","") | J2: =IF(B2<F2,"이탈","")
A3: 2026-01-02 | B3: 9.9926 | C3: 0 | D3: 7 | E3: =기준값!$B$4 | F3: =기준값!$B$10 | G3: =기준값!$B$9 | H3: =기준값!$B$11 | I3: =IF(C3<H3,"경보","") | J3: =IF(B3<F3,"이탈","")
A4: 2026-01-03 | B4: 9.9912 | C4: -0.2488 | D4: 9 | E4: =기준값!$B$4 | F4: =기준값!$B$10 | G4: =기준값!$B$9 | H4: =기준값!$B$11 | I4: =IF(C4<H4,"경보","") | J4: =IF(B4<F4,"이탈","")
A5: 2026-01-04 | B5: 9.9993 | C5: 0 | D5: 6 | E5: =기준값!$B$4 | F5: =기준값!$B$10 | G5: =기준값!$B$9 | H5: =기준값!$B$11 | I5: =IF(C5<H5,"경보","") | J5: =IF(B5<F5,"이탈","")
A6: 2026-01-05 | B6: 10.0895 | C6: 0 | D6: 2 | E6: =기준값!$B$4 | F6: =기준값!$B$10 | G6: =기준값!$B$9 | H6: =기준값!$B$11 | I6: =IF(C6<H6,"경보","") | J6: =IF(B6<F6,"이탈","")
A7: 2026-01-06 | B7: 9.9737 | C7: 0 | D7: 6 | E7: =기준값!$B$4 | F7: =기준값!$B$10 | G7: =기준값!$B$9 | H7: =기준값!$B$11 | I7: =IF(C7<H7,"경보","") | J7: =IF(B7<F7,"이탈","")
A8: 2026-01-07 | B8: 10.01 | C8: 0 | D8: 4 | E8: =기준값!$B$4 | F8: =기준값!$B$10 | G8: =기준값!$B$9 | H8: =기준값!$B$11 | I8: =IF(C8<H8,"경보","") | J8: =IF(B8<F8,"이탈","")
A9: 2026-01-08 | B9: 9.9937 | C9: 0 | D9: 3 | E9: =기준값!$B$4 | F9: =기준값!$B$10 | G9: =기준값!$B$9 | H9: =기준값!$B$11 | I9: =IF(C9<H9,"경보","") | J9: =IF(B9<F9,"이탈","")
A10: 2026-01-09 | B10: 9.9833 | C10: -0.104 | D10: 7 | E10: =기준값!$B$4 | F10: =기준값!$B$10 | G10: =기준값!$B$9 | H10: =기준값!$B$11 | I10: =IF(C10<H10,"경보","") | J10: =IF(B10<F10,"이탈","")
A11: 2026-01-10 | B11: 10.003 | C11: 0 | D11: 5 | E11: =기준값!$B$4 | F11: =기준값!$B$10 | G11: =기준값!$B$9 | H11: =기준값!$B$11 | I11: =IF(C11<H11,"경보","") | J11: =IF(B11<F11,"이탈","")
A12: 2026-01-11 | B12: 10.0707 | C12: 0 | D12: 3 | E12: =기준값!$B$4 | F12: =기준값!$B$10 | G12: =기준값!$B$9 | H12: =기준값!$B$11 | I12: =IF(C12<H12,"경보","") | J12: =IF(B12<F12,"이탈","")
A13: 2026-01-12 | B13: 10.0018 | C13: 0 | D13: 4 | E13: =기준값!$B$4 | F13: =기준값!$B$10 | G13: =기준값!$B$9 | H13: =기준값!$B$11 | I13: =IF(C13<H13,"경보","") | J13: =IF(B13<F13,"이탈","")
... A89: 2026-03-30 | B89: 9.7536 | C89: -319.6662 | D89: 5 | E89: =기준값!$B$4 | F89: =기준값!$B$10 | G89: =기준값!$B$9 | H89: =기준값!$B$11 | I89: =IF(C89<H89,"경보","") | J89: =IF(B89<F89,"이탈","")
A91: 출처: DP_HealthIndex_Dataset.csv 467샷을 일 단위로 집계 (docs/발표_그림1_CUSUM_vs_관리도.csv). 누적합은 샷 단위 CUSUM의 그날 최솟값.

Sheet 차트
A1: 그림1 — 값은 관리한계 안인데 누적합은 이미 경보선을 넘었다
A2: CUSUM 첫 경보 2026-02-23 (그날 일평균 9.8716, 관리하한 9.7290 안쪽) · 값이 관리하한을 처음 깬 날 2026-03-04 → 9일 차이
